﻿<?xml version="1.0" encoding="utf-8"?>
<abapGit version="v1.0.0" serializer="LCL_OBJECT_CLAS" serializer_version="v1.0.0">
 <asx:abap xmlns:asx="http://www.sap.com/abapxml" version="1.0">
  <asx:values>
   <VSEOCLASS>
    <CLSNAME>ZCL_CLOUD_LOGGER</CLSNAME>
    <LANGU>E</LANGU>
    <STATE>1</STATE>
    <CLSCCINCL>X</CLSCCINCL>
    <FIXPT>X</FIXPT>
    <UNICODE>X</UNICODE>
   </VSEOCLASS>
   <DESCRIPTIONS>
    <SEOCOMPOTX>
     <CMPNAME>ADD_MESSAGE_INTERNAL_LOG</CMPNAME>
     <LANGU>E</LANGU>
     <DESCRIPT>ADD_MESSAGE_INTERNAL_LOG</DESCRIPT>
    </SEOCOMPOTX>
    <SEOCOMPOTX>
     <CMPNAME>CONSTRUCTOR</CMPNAME>
     <LANGU>E</LANGU>
     <DESCRIPT>CONSTRUCTOR</DESCRIPT>
    </SEOCOMPOTX>
    <SEOCOMPOTX>
     <CMPNAME>C_DEFAULT_MESSAGE_ATTRIBUTES</CMPNAME>
     <LANGU>E</LANGU>
     <DESCRIPT>C_DEFAULT_MESSAGE_ATTRIBUTES</DESCRIPT>
    </SEOCOMPOTX>
    <SEOCOMPOTX>
     <CMPNAME>C_MESSAGE_TYPE</CMPNAME>
     <LANGU>E</LANGU>
     <DESCRIPT>C_MESSAGE_TYPE</DESCRIPT>
    </SEOCOMPOTX>
    <SEOCOMPOTX>
     <CMPNAME>C_SELECT_OPTIONS</CMPNAME>
     <LANGU>E</LANGU>
     <DESCRIPT>C_SELECT_OPTIONS</DESCRIPT>
    </SEOCOMPOTX>
    <SEOCOMPOTX>
     <CMPNAME>GET_HANDLE</CMPNAME>
     <LANGU>E</LANGU>
     <DESCRIPT>GET_HANDLE</DESCRIPT>
    </SEOCOMPOTX>
    <SEOCOMPOTX>
     <CMPNAME>GET_INSTANCE</CMPNAME>
     <LANGU>E</LANGU>
     <DESCRIPT>GET_INSTANCE</DESCRIPT>
    </SEOCOMPOTX>
    <SEOCOMPOTX>
     <CMPNAME>GET_LONG_TEXT_FROM_MESSAGE</CMPNAME>
     <LANGU>E</LANGU>
     <DESCRIPT>GET_LONG_TEXT_FROM_MESSAGE</DESCRIPT>
    </SEOCOMPOTX>
    <SEOCOMPOTX>
     <CMPNAME>GET_MESSAGES_AS_BAPIRET2</CMPNAME>
     <LANGU>E</LANGU>
     <DESCRIPT>GET_MESSAGES_AS_BAPIRET2</DESCRIPT>
    </SEOCOMPOTX>
    <SEOCOMPOTX>
     <CMPNAME>GET_MESSAGE_COUNT</CMPNAME>
     <LANGU>E</LANGU>
     <DESCRIPT>GET_MESSAGE_COUNT</DESCRIPT>
    </SEOCOMPOTX>
    <SEOCOMPOTX>
     <CMPNAME>LOG_BAPIRET2_STRUCTURE_ADD</CMPNAME>
     <LANGU>E</LANGU>
     <DESCRIPT>LOG_BAPIRET2_STRUCTURE_ADD</DESCRIPT>
    </SEOCOMPOTX>
    <SEOCOMPOTX>
     <CMPNAME>LOG_BAPIRET2_TABLE_ADD</CMPNAME>
     <LANGU>E</LANGU>
     <DESCRIPT>LOG_BAPIRET2_TABLE_ADD</DESCRIPT>
    </SEOCOMPOTX>
    <SEOCOMPOTX>
     <CMPNAME>LOG_BDCMSGCOLL_ADD</CMPNAME>
     <LANGU>E</LANGU>
     <DESCRIPT>LOG_BDCMSGCOLL_ADD</DESCRIPT>
    </SEOCOMPOTX>
    <SEOCOMPOTX>
     <CMPNAME>LOG_CONTAINS_ERROR</CMPNAME>
     <LANGU>E</LANGU>
     <DESCRIPT>LOG_CONTAINS_ERROR</DESCRIPT>
    </SEOCOMPOTX>
    <SEOCOMPOTX>
     <CMPNAME>LOG_CONTAINS_MESSAGES</CMPNAME>
     <LANGU>E</LANGU>
     <DESCRIPT>LOG_CONTAINS_MESSAGES</DESCRIPT>
    </SEOCOMPOTX>
    <SEOCOMPOTX>
     <CMPNAME>LOG_EXCEPTION_ADD</CMPNAME>
     <LANGU>E</LANGU>
     <DESCRIPT>LOG_EXCEPTION_ADD</DESCRIPT>
    </SEOCOMPOTX>
    <SEOCOMPOTX>
     <CMPNAME>LOG_IS_EMPTY</CMPNAME>
     <LANGU>E</LANGU>
     <DESCRIPT>LOG_IS_EMPTY</DESCRIPT>
    </SEOCOMPOTX>
    <SEOCOMPOTX>
     <CMPNAME>LOG_MESSAGE_ADD</CMPNAME>
     <LANGU>E</LANGU>
     <DESCRIPT>LOG_MESSAGE_ADD</DESCRIPT>
    </SEOCOMPOTX>
    <SEOCOMPOTX>
     <CMPNAME>LOG_SPROT_ADD</CMPNAME>
     <LANGU>E</LANGU>
     <DESCRIPT>LOG_SPROT_ADD</DESCRIPT>
    </SEOCOMPOTX>
    <SEOCOMPOTX>
     <CMPNAME>LOG_STRING_ADD</CMPNAME>
     <LANGU>E</LANGU>
     <DESCRIPT>LOG_STRING_ADD</DESCRIPT>
    </SEOCOMPOTX>
    <SEOCOMPOTX>
     <CMPNAME>LOG_SYST_ADD</CMPNAME>
     <LANGU>E</LANGU>
     <DESCRIPT>LOG_SYST_ADD</DESCRIPT>
    </SEOCOMPOTX>
    <SEOCOMPOTX>
     <CMPNAME>LT_BAPIRET2_MESSAGES</CMPNAME>
     <LANGU>E</LANGU>
     <DESCRIPT>LT_BAPIRET2_MESSAGES</DESCRIPT>
    </SEOCOMPOTX>
    <SEOCOMPOTX>
     <CMPNAME>LT_LOGGER_INSTANCES</CMPNAME>
     <LANGU>E</LANGU>
     <DESCRIPT>LT_LOGGER_INSTANCES</DESCRIPT>
    </SEOCOMPOTX>
    <SEOCOMPOTX>
     <CMPNAME>LT_LOG_MESSAGES</CMPNAME>
     <LANGU>E</LANGU>
     <DESCRIPT>LT_LOG_MESSAGES</DESCRIPT>
    </SEOCOMPOTX>
    <SEOCOMPOTX>
     <CMPNAME>LV_DB_SAVE</CMPNAME>
     <LANGU>E</LANGU>
     <DESCRIPT>LV_DB_SAVE</DESCRIPT>
    </SEOCOMPOTX>
    <SEOCOMPOTX>
     <CMPNAME>RESET_APPL_LOG</CMPNAME>
     <LANGU>E</LANGU>
     <DESCRIPT>RESET_CURRENT_APPL_LOG</DESCRIPT>
    </SEOCOMPOTX>
    <SEOCOMPOTX>
     <CMPNAME>SAVE_APPLICATION_LOG</CMPNAME>
     <LANGU>E</LANGU>
     <DESCRIPT>SAVE_APPLICATION_LOG</DESCRIPT>
    </SEOCOMPOTX>
    <SEOCOMPOTX>
     <CMPNAME>TT_CONTEXTS</CMPNAME>
     <LANGU>E</LANGU>
     <DESCRIPT>TT_CONTEXTS</DESCRIPT>
    </SEOCOMPOTX>
    <SEOCOMPOTX>
     <CMPNAME>TT_EXCEPTIONS</CMPNAME>
     <LANGU>E</LANGU>
     <DESCRIPT>TT_EXCEPTIONS</DESCRIPT>
    </SEOCOMPOTX>
    <SEOCOMPOTX>
     <CMPNAME>TT_HEADER_DATA</CMPNAME>
     <LANGU>E</LANGU>
     <DESCRIPT>TT_HEADER_DATA</DESCRIPT>
    </SEOCOMPOTX>
    <SEOCOMPOTX>
     <CMPNAME>TT_HEADER_PARAMETERS</CMPNAME>
     <LANGU>E</LANGU>
     <DESCRIPT>TT_HEADER_PARAMETERS</DESCRIPT>
    </SEOCOMPOTX>
    <SEOCOMPOTX>
     <CMPNAME>TT_LOGGER_INSTANCES</CMPNAME>
     <LANGU>E</LANGU>
     <DESCRIPT>TT_LOGGER_INSTANCES</DESCRIPT>
    </SEOCOMPOTX>
    <SEOCOMPOTX>
     <CMPNAME>TT_LOG_MESSAGES</CMPNAME>
     <LANGU>E</LANGU>
     <DESCRIPT>TT_LOG_MESSAGES</DESCRIPT>
    </SEOCOMPOTX>
    <SEOCOMPOTX>
     <CMPNAME>TT_MESSAGES</CMPNAME>
     <LANGU>E</LANGU>
     <DESCRIPT>TT_MESSAGES</DESCRIPT>
    </SEOCOMPOTX>
    <SEOCOMPOTX>
     <CMPNAME>TT_MESSAGE_PARAMETERS</CMPNAME>
     <LANGU>E</LANGU>
     <DESCRIPT>TT_MESSAGE_PARAMETERS</DESCRIPT>
    </SEOCOMPOTX>
    <SEOCOMPOTX>
     <CMPNAME>TT_PREPARED_EXC</CMPNAME>
     <LANGU>E</LANGU>
     <DESCRIPT>TT_PREPARED_EXC</DESCRIPT>
    </SEOCOMPOTX>
    <SEOCOMPOTX>
     <CMPNAME>TY_S_MSGTEXT</CMPNAME>
     <LANGU>E</LANGU>
     <DESCRIPT>TY_S_MSGTEXT</DESCRIPT>
    </SEOCOMPOTX>
    <SEOCOMPOTX>
     <CMPNAME>T_LOGGER_INSTANCE</CMPNAME>
     <LANGU>E</LANGU>
     <DESCRIPT>T_LOGGER_INSTANCE</DESCRIPT>
    </SEOCOMPOTX>
    <SEOCOMPOTX>
     <CMPNAME>T_LOG_MESSAGES</CMPNAME>
     <LANGU>E</LANGU>
     <DESCRIPT>T_LOG_MESSAGES</DESCRIPT>
    </SEOCOMPOTX>
   </DESCRIPTIONS>
   <DESCRIPTIONS_SUB>
    <SEOSUBCOTX>
     <CMPNAME>ADD_MESSAGE_INTERNAL_LOG</CMPNAME>
     <SCONAME>IV_MSGID</SCONAME>
     <LANGU>E</LANGU>
     <DESCRIPT>IV_MSGID</DESCRIPT>
    </SEOSUBCOTX>
    <SEOSUBCOTX>
     <CMPNAME>ADD_MESSAGE_INTERNAL_LOG</CMPNAME>
     <SCONAME>IV_MSGNO</SCONAME>
     <LANGU>E</LANGU>
     <DESCRIPT>IV_MSGNO</DESCRIPT>
    </SEOSUBCOTX>
    <SEOSUBCOTX>
     <CMPNAME>ADD_MESSAGE_INTERNAL_LOG</CMPNAME>
     <SCONAME>IV_MSGTY</SCONAME>
     <LANGU>E</LANGU>
     <DESCRIPT>IV_MSGTY</DESCRIPT>
    </SEOSUBCOTX>
    <SEOSUBCOTX>
     <CMPNAME>ADD_MESSAGE_INTERNAL_LOG</CMPNAME>
     <SCONAME>IV_MSGV1</SCONAME>
     <LANGU>E</LANGU>
     <DESCRIPT>IV_MSGV1</DESCRIPT>
    </SEOSUBCOTX>
    <SEOSUBCOTX>
     <CMPNAME>ADD_MESSAGE_INTERNAL_LOG</CMPNAME>
     <SCONAME>IV_MSGV2</SCONAME>
     <LANGU>E</LANGU>
     <DESCRIPT>IV_MSGV2</DESCRIPT>
    </SEOSUBCOTX>
    <SEOSUBCOTX>
     <CMPNAME>ADD_MESSAGE_INTERNAL_LOG</CMPNAME>
     <SCONAME>IV_MSGV3</SCONAME>
     <LANGU>E</LANGU>
     <DESCRIPT>IV_MSGV3</DESCRIPT>
    </SEOSUBCOTX>
    <SEOSUBCOTX>
     <CMPNAME>ADD_MESSAGE_INTERNAL_LOG</CMPNAME>
     <SCONAME>IV_MSGV4</SCONAME>
     <LANGU>E</LANGU>
     <DESCRIPT>IV_MSGV4</DESCRIPT>
    </SEOSUBCOTX>
    <SEOSUBCOTX>
     <CMPNAME>CONSTRUCTOR</CMPNAME>
     <SCONAME>IV_DB_SAVE</SCONAME>
     <LANGU>E</LANGU>
     <DESCRIPT>IV_DB_SAVE</DESCRIPT>
    </SEOSUBCOTX>
    <SEOSUBCOTX>
     <CMPNAME>CONSTRUCTOR</CMPNAME>
     <SCONAME>IV_EXPIRY_DATE</SCONAME>
     <LANGU>E</LANGU>
     <DESCRIPT>Application Log: Expiration Date</DESCRIPT>
    </SEOSUBCOTX>
    <SEOSUBCOTX>
     <CMPNAME>CONSTRUCTOR</CMPNAME>
     <SCONAME>IV_EXT_NUMBER</SCONAME>
     <LANGU>E</LANGU>
     <DESCRIPT>IV_EXT_NUMBER</DESCRIPT>
    </SEOSUBCOTX>
    <SEOSUBCOTX>
     <CMPNAME>CONSTRUCTOR</CMPNAME>
     <SCONAME>IV_OBJECT</SCONAME>
     <LANGU>E</LANGU>
     <DESCRIPT>IV_OBJECT</DESCRIPT>
    </SEOSUBCOTX>
    <SEOSUBCOTX>
     <CMPNAME>CONSTRUCTOR</CMPNAME>
     <SCONAME>IV_SUBOBJECT</SCONAME>
     <LANGU>E</LANGU>
     <DESCRIPT>IV_SUBOBJECT</DESCRIPT>
    </SEOSUBCOTX>
    <SEOSUBCOTX>
     <CMPNAME>GET_HANDLE</CMPNAME>
     <SCONAME>RE_HANDLE</SCONAME>
     <LANGU>E</LANGU>
     <DESCRIPT>RE_HANDLE</DESCRIPT>
    </SEOSUBCOTX>
    <SEOSUBCOTX>
     <CMPNAME>GET_INSTANCE</CMPNAME>
     <SCONAME>IV_DB_SAVE</SCONAME>
     <LANGU>E</LANGU>
     <DESCRIPT>IV_DB_SAVE</DESCRIPT>
    </SEOSUBCOTX>
    <SEOSUBCOTX>
     <CMPNAME>GET_INSTANCE</CMPNAME>
     <SCONAME>IV_EXPIRY_DATE</SCONAME>
     <LANGU>E</LANGU>
     <DESCRIPT>Application Log: Expiration Date</DESCRIPT>
    </SEOSUBCOTX>
    <SEOSUBCOTX>
     <CMPNAME>GET_INSTANCE</CMPNAME>
     <SCONAME>IV_EXT_NUMBER</SCONAME>
     <LANGU>E</LANGU>
     <DESCRIPT>IV_EXT_NUMBER</DESCRIPT>
    </SEOSUBCOTX>
    <SEOSUBCOTX>
     <CMPNAME>GET_INSTANCE</CMPNAME>
     <SCONAME>IV_LOG_FIELDCATALOG</SCONAME>
     <LANGU>E</LANGU>
     <DESCRIPT>IV_LOG_FIELDCATALOG</DESCRIPT>
    </SEOSUBCOTX>
    <SEOSUBCOTX>
     <CMPNAME>GET_INSTANCE</CMPNAME>
     <SCONAME>IV_OBJECT</SCONAME>
     <LANGU>E</LANGU>
     <DESCRIPT>IV_OBJECT</DESCRIPT>
    </SEOSUBCOTX>
    <SEOSUBCOTX>
     <CMPNAME>GET_INSTANCE</CMPNAME>
     <SCONAME>IV_SUBOBJECT</SCONAME>
     <LANGU>E</LANGU>
     <DESCRIPT>IV_SUBOBJECT</DESCRIPT>
    </SEOSUBCOTX>
    <SEOSUBCOTX>
     <CMPNAME>GET_INSTANCE</CMPNAME>
     <SCONAME>RE_LOGGER_INSTANCE</SCONAME>
     <LANGU>E</LANGU>
     <DESCRIPT>RE_LOGGER_INSTANCE</DESCRIPT>
    </SEOSUBCOTX>
    <SEOSUBCOTX>
     <CMPNAME>GET_LONG_TEXT_FROM_MESSAGE</CMPNAME>
     <SCONAME>IV_MSGID</SCONAME>
     <LANGU>E</LANGU>
     <DESCRIPT>IV_MSGID</DESCRIPT>
    </SEOSUBCOTX>
    <SEOSUBCOTX>
     <CMPNAME>GET_LONG_TEXT_FROM_MESSAGE</CMPNAME>
     <SCONAME>IV_MSGNO</SCONAME>
     <LANGU>E</LANGU>
     <DESCRIPT>IV_MSGNO</DESCRIPT>
    </SEOSUBCOTX>
    <SEOSUBCOTX>
     <CMPNAME>GET_LONG_TEXT_FROM_MESSAGE</CMPNAME>
     <SCONAME>IV_MSGTY</SCONAME>
     <LANGU>E</LANGU>
     <DESCRIPT>IV_MSGTY</DESCRIPT>
    </SEOSUBCOTX>
    <SEOSUBCOTX>
     <CMPNAME>GET_LONG_TEXT_FROM_MESSAGE</CMPNAME>
     <SCONAME>IV_MSGV1</SCONAME>
     <LANGU>E</LANGU>
     <DESCRIPT>IV_MSGV1</DESCRIPT>
    </SEOSUBCOTX>
    <SEOSUBCOTX>
     <CMPNAME>GET_LONG_TEXT_FROM_MESSAGE</CMPNAME>
     <SCONAME>IV_MSGV2</SCONAME>
     <LANGU>E</LANGU>
     <DESCRIPT>IV_MSGV2</DESCRIPT>
    </SEOSUBCOTX>
    <SEOSUBCOTX>
     <CMPNAME>GET_LONG_TEXT_FROM_MESSAGE</CMPNAME>
     <SCONAME>IV_MSGV3</SCONAME>
     <LANGU>E</LANGU>
     <DESCRIPT>IV_MSGV3</DESCRIPT>
    </SEOSUBCOTX>
    <SEOSUBCOTX>
     <CMPNAME>GET_LONG_TEXT_FROM_MESSAGE</CMPNAME>
     <SCONAME>IV_MSGV4</SCONAME>
     <LANGU>E</LANGU>
     <DESCRIPT>IV_MSGV4</DESCRIPT>
    </SEOSUBCOTX>
    <SEOSUBCOTX>
     <CMPNAME>GET_LONG_TEXT_FROM_MESSAGE</CMPNAME>
     <SCONAME>RE_LONG_TEXT</SCONAME>
     <LANGU>E</LANGU>
     <DESCRIPT>RE_LONG_TEXT</DESCRIPT>
    </SEOSUBCOTX>
    <SEOSUBCOTX>
     <CMPNAME>GET_MESSAGES_AS_BAPIRET2</CMPNAME>
     <SCONAME>RE_BAPIRET2</SCONAME>
     <LANGU>E</LANGU>
     <DESCRIPT>RE_BAPIRET2</DESCRIPT>
    </SEOSUBCOTX>
    <SEOSUBCOTX>
     <CMPNAME>GET_MESSAGE_COUNT</CMPNAME>
     <SCONAME>RE_COUNT</SCONAME>
     <LANGU>E</LANGU>
     <DESCRIPT>RE_COUNT</DESCRIPT>
    </SEOSUBCOTX>
    <SEOSUBCOTX>
     <CMPNAME>LOG_BAPIRET2_STRUCTURE_ADD</CMPNAME>
     <SCONAME>IS_BAPIRET2</SCONAME>
     <LANGU>E</LANGU>
     <DESCRIPT>IS_BAPIRET2</DESCRIPT>
    </SEOSUBCOTX>
    <SEOSUBCOTX>
     <CMPNAME>LOG_BAPIRET2_TABLE_ADD</CMPNAME>
     <SCONAME>IT_BAPIRET2_T</SCONAME>
     <LANGU>E</LANGU>
     <DESCRIPT>IT_BAPIRET2_T</DESCRIPT>
    </SEOSUBCOTX>
    <SEOSUBCOTX>
     <CMPNAME>LOG_BDCMSGCOLL_ADD</CMPNAME>
     <SCONAME>IT_BDCMSGCOLL</SCONAME>
     <LANGU>E</LANGU>
     <DESCRIPT>IT_BDCMSGCOLL</DESCRIPT>
    </SEOSUBCOTX>
    <SEOSUBCOTX>
     <CMPNAME>LOG_CONTAINS_ERROR</CMPNAME>
     <SCONAME>RE_ERROR</SCONAME>
     <LANGU>E</LANGU>
     <DESCRIPT>RE_ERROR</DESCRIPT>
    </SEOSUBCOTX>
    <SEOSUBCOTX>
     <CMPNAME>LOG_CONTAINS_MESSAGES</CMPNAME>
     <SCONAME>RE_MESSAGE</SCONAME>
     <LANGU>E</LANGU>
     <DESCRIPT>RE_MESSAGE</DESCRIPT>
    </SEOSUBCOTX>
    <SEOSUBCOTX>
     <CMPNAME>LOG_EXCEPTION_ADD</CMPNAME>
     <SCONAME>IV_EXCEPTION</SCONAME>
     <LANGU>E</LANGU>
     <DESCRIPT>IV_EXCEPTION</DESCRIPT>
    </SEOSUBCOTX>
    <SEOSUBCOTX>
     <CMPNAME>LOG_IS_EMPTY</CMPNAME>
     <SCONAME>RE_EMPTY</SCONAME>
     <LANGU>E</LANGU>
     <DESCRIPT>RE_EMPTY</DESCRIPT>
    </SEOSUBCOTX>
    <SEOSUBCOTX>
     <CMPNAME>LOG_MESSAGE_ADD</CMPNAME>
     <SCONAME>IV_MSGID</SCONAME>
     <LANGU>E</LANGU>
     <DESCRIPT>IV_MSGID</DESCRIPT>
    </SEOSUBCOTX>
    <SEOSUBCOTX>
     <CMPNAME>LOG_MESSAGE_ADD</CMPNAME>
     <SCONAME>IV_MSGNO</SCONAME>
     <LANGU>E</LANGU>
     <DESCRIPT>IV_MSGNO</DESCRIPT>
    </SEOSUBCOTX>
    <SEOSUBCOTX>
     <CMPNAME>LOG_MESSAGE_ADD</CMPNAME>
     <SCONAME>IV_MSGTY</SCONAME>
     <LANGU>E</LANGU>
     <DESCRIPT>IV_MSGTY</DESCRIPT>
    </SEOSUBCOTX>
    <SEOSUBCOTX>
     <CMPNAME>LOG_MESSAGE_ADD</CMPNAME>
     <SCONAME>IV_MSGV1</SCONAME>
     <LANGU>E</LANGU>
     <DESCRIPT>IV_MSGV1</DESCRIPT>
    </SEOSUBCOTX>
    <SEOSUBCOTX>
     <CMPNAME>LOG_MESSAGE_ADD</CMPNAME>
     <SCONAME>IV_MSGV2</SCONAME>
     <LANGU>E</LANGU>
     <DESCRIPT>IV_MSGV2</DESCRIPT>
    </SEOSUBCOTX>
    <SEOSUBCOTX>
     <CMPNAME>LOG_MESSAGE_ADD</CMPNAME>
     <SCONAME>IV_MSGV3</SCONAME>
     <LANGU>E</LANGU>
     <DESCRIPT>IV_MSGV3</DESCRIPT>
    </SEOSUBCOTX>
    <SEOSUBCOTX>
     <CMPNAME>LOG_MESSAGE_ADD</CMPNAME>
     <SCONAME>IV_MSGV4</SCONAME>
     <LANGU>E</LANGU>
     <DESCRIPT>IV_MSGV4</DESCRIPT>
    </SEOSUBCOTX>
    <SEOSUBCOTX>
     <CMPNAME>LOG_SPROT_ADD</CMPNAME>
     <SCONAME>IV_SPROT</SCONAME>
     <LANGU>E</LANGU>
     <DESCRIPT>IV_SPROT</DESCRIPT>
    </SEOSUBCOTX>
    <SEOSUBCOTX>
     <CMPNAME>LOG_STRING_ADD</CMPNAME>
     <SCONAME>IV_MSGTY</SCONAME>
     <LANGU>E</LANGU>
     <DESCRIPT>IV_MSGTY</DESCRIPT>
    </SEOSUBCOTX>
    <SEOSUBCOTX>
     <CMPNAME>LOG_STRING_ADD</CMPNAME>
     <SCONAME>IV_STRING</SCONAME>
     <LANGU>E</LANGU>
     <DESCRIPT>IV_STRING</DESCRIPT>
    </SEOSUBCOTX>
    <SEOSUBCOTX>
     <CMPNAME>SAVE_APPLICATION_LOG</CMPNAME>
     <SCONAME>IM_2TH_CONNECTION</SCONAME>
     <LANGU>E</LANGU>
     <DESCRIPT>IM_2TH_CONNECTION</DESCRIPT>
    </SEOSUBCOTX>
    <SEOSUBCOTX>
     <CMPNAME>SAVE_APPLICATION_LOG</CMPNAME>
     <SCONAME>IM_2TH_CONNECT_COMMIT</SCONAME>
     <LANGU>E</LANGU>
     <DESCRIPT>IM_2TH_CONNECT_COMMIT</DESCRIPT>
    </SEOSUBCOTX>
    <SEOSUBCOTX>
     <CMPNAME>SAVE_APPLICATION_LOG</CMPNAME>
     <SCONAME>IV_IN_UPDATE_TASK</SCONAME>
     <LANGU>E</LANGU>
     <DESCRIPT>IV_IN_UPDATE_TASK</DESCRIPT>
    </SEOSUBCOTX>
    <SEOSUBCOTX>
     <CMPNAME>SAVE_APPLICATION_LOG</CMPNAME>
     <SCONAME>IV_SAVE_ALL</SCONAME>
     <LANGU>E</LANGU>
     <DESCRIPT>IV_SAVE_ALL</DESCRIPT>
    </SEOSUBCOTX>
   </DESCRIPTIONS_SUB>
  </asx:values>
 </asx:abap>
</abapGit>
